#,repo_name,year
1,2incccc/2incccc.github.io,2023
2,CSi-Studio/AirdPro,2023
3,tjt740/threejs-study,2023
4,masx200/to-do-list-go-sql-vue,2023
5,h7ml/chatgpt-flutter,2023
6,IntelLabs/riscv-vector,2023
7,masx200/ant-colony-algorithm-for-multiple-populations,2023
8,ybbbb567/FIT5120-week3-backend,2023
9,Nwflower/auto-plugin,2023
10,OpenXiangShan/YunSuan,2023
11,oceanbase/flink-connector-oceanbase,2023
12,lxw665/hoe-new,2023
13,opensourceways/datastat-server,2023
14,xezzon/geom-web,2023
15,Siudya/Nanhu-V3,2023
16,Mu-L/openGauss-server,2023
17,scemsjyd/hutool,2023
18,iwangyuezhang/CPM4OSSP-PROXY,2023
19,lcf262412/examples,2023
20,chezming/opengauss_openGauss-DBMind,2023
21,lcf262412/openGauss-tools-onlineMigration,2023
22,lcf262412/openGauss-tools-monitor,2023
23,lcf262412/openGauss-tools-pg2og,2023
24,lcf262412/openGauss-tools-onlineMigration-mysql,2023
25,lcf262412/openGauss-workbench,2023
26,lcf262412/openGauss-AI,2023
27,wu-clan/VBlog,2023
28,Rainy-W/openGauss-tools-onlineMigration-mysql,2023
29,camhfwang/opengauss-woekbench,2023
30,JasonK819/openGauss-tools-pg2og,2023
31,tttomorrow/1,2023
32,tttomorrow/workbench,2023
33,JasonK819/openGauss-workbench,2023
34,tttomorrow/yat,2023
35,tttomorrow/toolsinlinemigration,2023
36,L-network/opengauss-workbench,2023
37,L-network/openGauss-yat,2023
38,tttomorrow/proxy,2023
39,L-network/openEuler-pilotGo,2023
40,LeiPudd/PilotGo,2023
41,PKUHPC/SCOW,2023
42,warmchang/miniob,2023
43,oceanbase/miniob,2023
44,opensourceways/EasyEdit,2023
45,opensourceways/easyeditor-server,2023
46,josbu/tiger,2023
47,cyzzc/tiger,2023
48,oceanbase/ocp-express,2023
49,SuperKenVery/tieba_spider,2023
50,zetatez/dbagent,2023
51,masx200/leetcode-test,2023
52,hyx1999/miniOB,2023
53,pxk27/difftest,2023
54,fengling520xu/FastApi_auto_test,2023
55,fengling520xu/auto_test_web,2023
56,YukikazeGroup/miniob,2023
57,1596030776/defender_miniob,2023
58,aqianhei/Logistics-Management,2023
59,zhangpengfan/wangyiyunMusic_react,2023
60,bouffalolab/bl-pac,2023
61,ChenYang-LaoTie/EaseSearch,2023
62,oceanbase/oceanbase-doc,2023
63,Surprise-Jing/Java-oriented-analysis-and-understanding-tools,2023
64,Russell-Gustuv/miniob,2023
65,lcf262412/Yat,2023
66,chezming/opengauss_openGauss-graph,2023
67,0-cy/xiaobai,2023
68,SakuraPuare/miniob,2023
69,ZihanChen821/SCOW,2023
70,zjy4fun/admin-react,2023
71,syswonder/sysHyper,2023
72,Lings-MC/LingsHttpUtils,2023
73,it985/hexo,2023
74,qsczseasd/shanhe_university,2023
75,catch6/atom,2023
76,sun-yinuo/Windcraft,2023
77,Hitotsubashi/micro-fe,2023
78,zhj1214/zhj1214.github.io,2023
79,lugangliang/openGauss-container,2023
80,likey99/sysHyper,2023
81,weipxiu/Art_Blog,2023
82,zhouhu666/dayu,2023
83,skykip/hexo,2023
84,Swz0321/docs,2023
85,Tenerome/note,2023
86,kangshuolei/nest-dome,2023
87,sun-yinuo/WindcrftWebsite,2023
88,MoozLee/CmsWing,2023
89,JackEasons/CmsWing,2023
90,myhub-jiangnan/myblogs,2023
91,opengauss-mirror/openGauss-server,2023
92,OpenXiangShan/difftest,2023
93,yewyern/gitbash,2023
94,oceanbase/oblogclient,2023
95,xuzq3/glib,2023
96,LanXuage/gosam,2023
97,Wayne1308/wei-design,2023
98,tjt740/JavaScript-tools-and-Lodash-tools,2023
99,chezming/opengauss_openGauss-tools-monitor,2023
100,16342220259/CSKUN,2023
101,rebibabo/openGauss-tools-onlineMigration,2023
102,fe11n/PilotGo,2023
103,fe11n/nestos-website,2023
104,qhl123456/vue3-meituan-trip,2023
105,oceanbase/oceanbase-diagnostic-tool,2023
106,ChenLittleBlack/ChenLittleBlack.github.io,2023
107,PKUHPC/scow-scheduler-adapter-interface,2023
108,sysmaster-online/sysmaster,2023
109,Mu-L/miniob,2023
110,oceanbase/obagent,2023
111,tongchong/SCOW,2023
112,iwangyuezhang/CPM4OSSP-SERVER,2023
113,lcf262412/openGauss-tools-sql-translator,2023
114,catcancry/st-encrypt,2023
115,tttomorrow/toolssqltranslator,2023
116,DSPCalculator/factoryCalc,2023
117,hxx258456/pyramidel-chain-baas,2023
118,it985/JavaDSA,2023
119,JD1433223/WeLM-plugin,2023
120,juvenile-tang/spring-study,2023
121,Auyuir/cacheCmodel,2023
122,xderui/miniob,2023
123,Online-learning-system-development-team/Online-learning-system,2023
124,LiJunYi2/elastic-search8.x,2023
125,WHF293/hf_blog,2023
126,uncleacc/miniob2,2023
127,syswonder/hvisor,2023
128,hnwyllmm/miniob,2023
129,zhangbo126/Three3d-view,2023
130,chenxiaochuan72/FlowDiagramPlugin,2023
131,Mu-L/xw-fast,2023
132,opensourceways/openeuler-website-v2,2023
133,masx200/multiple-ant-colony-algorithms-in-path-planning-applications,2023
134,Luna-CY/dem,2023
135,1404040538/StudentSystem,2023
136,BOSC-Heterogeneous-System-Group/XiangShan,2023
137,tttomorrow/123,2023
138,rebibabo/openGauss-DBMind,2023
139,tttomorrow/toolsdatachecker,2023
140,WTIMITW/openGaussData,2023
141,WTIMITW/tools,2023
142,rebibabo/openGauss-workbench,2023
143,yuandongx/tang,2023
144,shengyongheng/react-antd-admin,2023
145,englianhu/RedFlag-Linux,2023
146,lcf262412/openGauss-tools-datachecker-performance,2023
147,chezming/opengauss_Yat,2023
148,Lihua-cpu/myBlock,2023
149,pkking/efi_signer,2023
150,298438atm/tools_ui,2023
151,xwen222/isulad_script,2023
152,DSPCalculator/dsp-calc,2023
153,Ogur1Cap/IBProject,2023
154,chezming/opengauss_openGauss-AI,2023
155,quiet-rain-ky/rain-interface-tools,2023
156,quiet-rain-ky/rain_logs,2023
157,Badboyswxl/al,2023
158,feiLunForever/sw-skywalking,2023
159,masx200/xmake-repo,2023
160,Wayne-CX/health,2023
161,DysonSphereProgramQuantizingCalculator/dsp-quantizing-calculator,2023
162,Sliverkiss/helloworld,2023
163,whyprogrammer/cve-ease,2023
164,javastarboy/WeChatGPT_JSB,2023
165,mynamemy/shanhe_university,2023
166,poe1905/vitecamp,2023
167,zhaohao007/springbootRedisJwtShiroLayuipro,2023
168,3Molor/chess,2023
169,2234839/bazaar,2023
170,jarlor/TravelWebsite_BigDataAnalysis,2023
171,Contemporaries/common,2023
172,liuxcfreddy/XATU-Tracking-car-2022,2023
173,zxmls520/zxmls,2023
174,Siudya/difftest,2023
175,proders/blogs,2023
176,DIDA-lJ/yaoyu-frame,2023
177,yang-jun-kun/miniob2023,2023
178,CJ-xchina/hexo-blog-code,2023
179,happyaged/SCOW,2023
180,tttomorrow/infra,2023
181,ICT-TEE/XiangShan,2023
182,taozhifeng2010/taozhifeng2010.github.io,2023
183,Yikun/openeuler-docker-images,2023
184,jeekzhang/Road-visualization,2023
185,Kyooooma/RMDB,2023
186,paradisuman/DB-RTE,2023
187,niebayes/miniob,2023
188,gardeniamer/LY-Library,2023
189,Goinggoinggoing/seckill-study,2023
190,chezming/opengauss_infra,2023
191,mister-wang-tt/subversion-maven-increment,2023
192,SDUWYS/Byte-Todo-Web,2023
193,coavalon/test,2023
194,FrostyForest/CADSimplifier,2023
195,dshuais/angell-one,2023
196,Tenerome/archived,2023
197,huangjun0210/SCOW,2023
198,nebula-contrib/nebula-swagger-demo,2023
